{
  "project_info": {
    "project_number": "92442485346",
    "firebase_url": "https://mylb-75c4b.firebaseio.com",
    "project_id": "mylb-75c4b",
    "storage_bucket": "mylb-75c4b.appspot.com"
  },
  "client": [
    {
      "client_info": {
        "mobilesdk_app_id": "1:92442485346:android:3043262d2b76ea22",
        "android_client_info": {
          "package_name": "com.example.beatrice.mylocalbartender"
        }
      },
      "oauth_client": [
        {
          "client_id": "92442485346-vhhil2ic31hk99dc78r40d3t9t7olt8e.apps.googleusercontent.com",
          "client_type": 3
        }
      ],
      "api_key": [
        {
          "current_key": "AIzaSyCDfoa7PZ1jqIRZ_v1sSG3lx_1CZUdx7Ns"
        }
      ],
      "services": {
        "analytics_service": {
          "status": 1
        },
        "appinvite_service": {
          "status": 2,
          "other_platform_oauth_client": [
            {
              "client_id": "92442485346-vhhil2ic31hk99dc78r40d3t9t7olt8e.apps.googleusercontent.com",
              "client_type": 3
            }
          ]
        },
        "ads_service": {
          "status": 2
        }
      }
    }
  ],
  "configuration_version": "1"
}